Workbook

Sheet Ma trận
A1: Mã | B1: Thành tựu (điều kiện đo được) | C1: Kỳ xét | D1: Nguồn dữ liệu | E1: Số cấp huy hiệu dùng | F1: 1 · Chuyên cần | G1: 2 · Bài về nhà | J1: 3 · Trên lớp | M1: 4 · Thi (MT) | P1: 5 · Thử thách | S1: 6 · Chinh phục dạng | V1: 7 · Rank | X1: 8 · Nhiệm vụ | Y1: 9 · Tập thể lớp | Z1: 10 · Bí ẩn & Kỷ niệm
F2: Không Nghỉ | G2: Đúng Hẹn | H2: Bài Đẹp | I2: Khá Lên | J2: Lên Tay | K2: Lên Bảng | L2: Vững Bước | M2: Dạn Dày | N2: Tốp Đầu | O2: Bứt Phá | P2: Bền Bỉ | Q2: Tuyệt Đối | R2: Lên Tầm | S2: Khai Phá | T2: Kho Dạng | U2: Lấp Lỗ | V2: Leo Rank | W2: Vượt Lên | X2: Về Đích | Y2: Lớp Vô Địch | Z2: Thám Tử Đề | AA2: Thần May Mắn | AB2: Lội Ngược Dòng | AC2: Chạm Đáy Bật Lên
F3: KN | G3: DH | H3: BD | I3: KL | J3: LT | K3: LB | L3: VB | M3: DD | N3: TD | O3: BP | P3: BB | Q3: TDO | R3: LTA | S3: KP | T3: KD | U3: LL | V3: LR | W3: VL | X3: VD | Y3: LVD | Z3: TTD | AA3: TMM | AB3: LND | AC3: CDBL
A4: 1 · Chuyên cần — thành tựu CHÍNH (điều kiện đơn của 1★–3★, ngưỡng cao của 4★–5★)
A5: KN-1 | B5: Chuỗi buổi có mặt liên tục ≥ 10 buổi | C5: trọn đời | D5: buoi_hoc_hs.diem_danh | E5: =COUNTA(F5:AC5) | F5: ★1
A6: KN-2 | B6: Chuỗi buổi có mặt liên tục ≥ 30 buổi | C6: trọn đời | D6: buoi_hoc_hs.diem_danh | E6: =COUNTA(F6:AC6) | F6: ★2
A7: KN-3 | B7: Chuỗi buổi có mặt liên tục ≥ 60 buổi | C7: trọn đời | D7: buoi_hoc_hs.diem_danh | E7: =COUNTA(F7:AC7) | F7: ★3
A8: KN-4 | B8: Chuỗi buổi có mặt liên tục ≥ 90 buổi | C8: trọn đời | D8: buoi_hoc_hs.diem_danh | E8: =COUNTA(F8:AC8) | F8: ★4
A9: KN-5 | B9: Chuỗi buổi có mặt liên tục ≥ 150 buổi | C9: trọn đời | D9: buoi_hoc_hs.diem_danh | E9: =COUNTA(F9:AC9) | F9: ★5
A10: 2 · Bài về nhà — thành tựu CHÍNH (điều kiện đơn của 1★–3★, ngưỡng cao của 4★–5★)
A11: DH-1 | B11: Chuỗi bài BTVN nộp đủ, đúng hạn ≥ 10 bài | C11: trọn đời | D11: btvn_ket_qua.trang_thai_nop | E11: =COUNTA(F11:AC11) | G11: ★1
A12: DH-2 | B12: Chuỗi bài BTVN nộp đủ, đúng hạn ≥ 30 bài | C12: trọn đời | D12: btvn_ket_qua.trang_thai_nop | E12: =COUNTA(F12:AC12) | G12: ★2
A13: DH-3 | B13: Chuỗi bài BTVN nộp đủ, đúng hạn ≥ 60 bài | C13: trọn đời | D13: btvn_ket_qua.trang_thai_nop | E13: =COUNTA(F13:AC13) | G13: ★3
A14: DH-4 | B14: Chuỗi bài BTVN nộp đủ, đúng hạn ≥ 90 bài | C14: trọn đời | D14: btvn_ket_qua.trang_thai_nop | E14: =COUNTA(F14:AC14) | G14: ★4
A15: DH-5 | B15: Chuỗi bài BTVN nộp đủ, đúng hạn ≥ 150 bài | C15: trọn đời | D15: btvn_ket_qua.trang_thai_nop | E15: =COUNTA(F15:AC15) | G15: ★5
A16: BD-1 | B16: Số bài BTVN đúng ≥ 90% ≥ 5 bài | C16: trọn đời | D16: btvn_ket_qua.ti_le_dung | E16: =COUNTA(F16:AC16) | H16: ★1
A17: BD-2 | B17: Số bài BTVN đúng ≥ 90% ≥ 20 bài | C17: trọn đời | D17: btvn_ket_qua.ti_le_dung | E17: =COUNTA(F17:AC17) | H17: ★2
A18: BD-3 | B18: Số bài BTVN đúng ≥ 90% ≥ 50 bài | C18: trọn đời | D18: btvn_ket_qua.ti_le_dung | E18: =COUNTA(F18:AC18) | H18: ★3
A19: BD-4 | B19: Số bài BTVN đúng ≥ 90% ≥ 75 bài | C19: trọn đời | D19: btvn_ket_qua.ti_le_dung | E19: =COUNTA(F19:AC19) | H19: ★4
A20: BD-5 | B20: Số bài BTVN đúng ≥ 90% ≥ 110 bài | C20: trọn đời | D20: btvn_ket_qua.ti_le_dung | E20: =COUNTA(F20:AC20) | H20: ★5
A21: KL-1 | B21: Số tháng tỉ lệ đúng BTVN tăng (hoặc giữ ≥ 90%) ≥ 1 tháng | C21: trọn đời | D21: btvn_ket_qua.ti_le_dung | E21: =COUNTA(F21:AC21) | I21: ★1
A22: KL-2 | B22: Số tháng tỉ lệ đúng BTVN tăng (hoặc giữ ≥ 90%) ≥ 3 tháng | C22: trọn đời | D22: btvn_ket_qua.ti_le_dung | E22: =COUNTA(F22:AC22) | I22: ★2
A23: KL-3 | B23: Số tháng tỉ lệ đúng BTVN tăng (hoặc giữ ≥ 90%) ≥ 6 tháng | C23: trọn đời | D23: btvn_ket_qua.ti_le_dung | E23: =COUNTA(F23:AC23) | I23: ★3
A24: KL-4 | B24: Số tháng tỉ lệ đúng BTVN tăng (hoặc giữ ≥ 90%) ≥ 8 tháng | C24: trọn đời | D24: btvn_ket_qua.ti_le_dung | E24: =COUNTA(F24:AC24) | I24: ★4
A25: KL-5 | B25: Số tháng tỉ lệ đúng BTVN tăng (hoặc giữ ≥ 90%) ≥ 10 tháng | C25: trọn đời | D25: btvn_ket_qua.ti_le_dung | E25: =COUNTA(F25:AC25) | I25: ★5
A26: 3 · Trên lớp — thành tựu CHÍNH (điều kiện đơn của 1★–3★, ngưỡng cao của 4★–5★)
A27: LT-1 | B27: Số bài ET đúng ≥ 80% ≥ 3 bài | C27: trọn đời | D27: gami_grades (phase et) | E27: =COUNTA(F27:AC27) | J27: ★1
A28: LT-2 | B28: Số bài ET đúng ≥ 80% ≥ 15 bài | C28: trọn đời | D28: gami_grades (phase et) | E28: =COUNTA(F28:AC28) | J28: ★2
A29: LT-3 | B29: Số bài ET đúng ≥ 80% ≥ 40 bài | C29: trọn đời | D29: gami_grades (phase et) | E29: =COUNTA(F29:AC29) | J29: ★3
A30: LT-4 | B30: Số bài ET đúng ≥ 80% ≥ 60 bài | C30: trọn đời | D30: gami_grades (phase et) | E30: =COUNTA(F30:AC30) | J30: ★4
A31: LT-5 | B31: Số bài ET đúng ≥ 80% ≥ 90 bài | C31: trọn đời | D31: gami_grades (phase et) | E31: =COUNTA(F31:AC31) | J31: ★5
A32: LB-1 | B32: Số lần vào Nhất / Nhì / Giải 3 xếp hạng buổi ≥ 3 lần | C32: trọn đời | D32: buoi_giai | E32: =COUNTA(F32:AC32) | K32: ★1
A33: LB-2 | B33: Số lần vào Nhất / Nhì / Giải 3 xếp hạng buổi ≥ 15 lần | C33: trọn đời | D33: buoi_giai | E33: =COUNTA(F33:AC33) | K33: ★2
A34: LB-3 | B34: Số lần vào Nhất / Nhì / Giải 3 xếp hạng buổi ≥ 40 lần | C34: trọn đời | D34: buoi_giai | E34: =COUNTA(F34:AC34) | K34: ★3
A35: LB-4 | B35: Số lần vào Nhất / Nhì / Giải 3 xếp hạng buổi ≥ 60 lần | C35: trọn đời | D35: buoi_giai | E35: =COUNTA(F35:AC35) | K35: ★4
A36: LB-5 | B36: Số lần vào Nhất / Nhì / Giải 3 xếp hạng buổi ≥ 90 lần | C36: trọn đời | D36: buoi_giai | E36: =COUNTA(F36:AC36) | K36: ★5
A37: VB-1 | B37: Số tháng ET tốt hơn tháng trước (hoặc giữ ≥ 90%) ≥ 1 tháng | C37: trọn đời | D37: gami_grades (phase et) | E37: =COUNTA(F37:AC37) | L37: ★1
A38: VB-2 | B38: Số tháng ET tốt hơn tháng trước (hoặc giữ ≥ 90%) ≥ 3 tháng | C38: trọn đời | D38: gami_grades (phase et) | E38: =COUNTA(F38:AC38) | L38: ★2
A39: VB-3 | B39: Số tháng ET tốt hơn tháng trước (hoặc giữ ≥ 90%) ≥ 6 tháng | C39: trọn đời | D39: gami_grades (phase et) | E39: =COUNTA(F39:AC39) | L39: ★3
A40: VB-4 | B40: Số tháng ET tốt hơn tháng trước (hoặc giữ ≥ 90%) ≥ 8 tháng | C40: trọn đời | D40: gami_grades (phase et) | E40: =COUNTA(F40:AC40) | L40: ★4
A41: VB-5 | B41: Số tháng ET tốt hơn tháng trước (hoặc giữ ≥ 90%) ≥ 10 tháng | C41: trọn đời | D41: gami_grades (phase et) | E41: =COUNTA(F41:AC41) | L41: ★5
A42: 4 · Thi (MT) — thành tựu CHÍNH (điều kiện đơn của 1★–3★, ngưỡng cao của 4★–5★)
A43: DD-1 | B43: Số kỳ MT đã dự (kể cả thi lại) ≥ 1 kỳ | C43: trọn đời | D43: diem_thi (mt_sat_hach) | E43: =COUNTA(F43:AC43) | M43: ★1
A44: DD-2 | B44: Số kỳ MT đã dự (kể cả thi lại) ≥ 4 kỳ | C44: trọn đời | D44: diem_thi (mt_sat_hach) | E44: =COUNTA(F44:AC44) | M44: ★2
A45: DD-3 | B45: Số kỳ MT đã dự (kể cả thi lại) ≥ 8 kỳ | C45: trọn đời | D45: diem_thi (mt_sat_hach) | E45: =COUNTA(F45:AC45) | M45: ★3
A46: DD-4 | B46: Số kỳ MT đã dự (kể cả thi lại) ≥ 10 kỳ | C46: trọn đời | D46: diem_thi (mt_sat_hach) | E46: =COUNTA(F46:AC46) | M46: ★4
A47: DD-5 | B47: Số kỳ MT đã dự (kể cả thi lại) ≥ 15 kỳ | C47: trọn đời | D47: diem_thi (mt_sat_hach) | E47: =COUNTA(F47:AC47) | M47: ★5
A48: TD-1 | B48: Số lần MT top 30% khối ≥ 1 lần | C48: trọn đời | D48: fn_bxh_diem_mt_khoi | E48: =COUNTA(F48:AC48) | N48: ★1
A49: TD-2 | B49: Số lần MT top 30% khối ≥ 3 lần | C49: trọn đời | D49: fn_bxh_diem_mt_khoi | E49: =COUNTA(F49:AC49) | N49: ★2
A50: TD-3 | B50: Số lần MT top 30% khối ≥ 6 lần | C50: trọn đời | D50: fn_bxh_diem_mt_khoi | E50: =COUNTA(F50:AC50) | N50: ★3
A51: TD-4 | B51: Số lần MT top 30% khối ≥ 8 lần | C51: trọn đời | D51: fn_bxh_diem_mt_khoi | E51: =COUNTA(F51:AC51) | N51: ★4
A52: TD-5 | B52: Số lần MT top 30% khối ≥ 10 lần | C52: trọn đời | D52: fn_bxh_diem_mt_khoi | E52: =COUNTA(F52:AC52) | N52: ★5
A53: BP-1 | B53: Số lần hạng MT tăng (hoặc giữ top 10%) ≥ 1 lần | C53: trọn đời | D53: fn_bxh_diem_mt_khoi | E53: =COUNTA(F53:AC53) | O53: ★1
A54: BP-2 | B54: Số lần hạng MT tăng (hoặc giữ top 10%) ≥ 3 lần | C54: trọn đời | D54: fn_bxh_diem_mt_khoi | E54: =COUNTA(F54:AC54) | O54: ★2
A55: BP-3 | B55: Số lần hạng MT tăng (hoặc giữ top 10%) ≥ 6 lần | C55: trọn đời | D55: fn_bxh_diem_mt_khoi | E55: =COUNTA(F55:AC55) | O55: ★3
A56: BP-4 | B56: Số lần hạng MT tăng (hoặc giữ top 10%) ≥ 8 lần | C56: trọn đời | D56: fn_bxh_diem_mt_khoi | E56: =COUNTA(F56:AC56) | O56: ★4
A57: BP-5 | B57: Số lần hạng MT tăng (hoặc giữ top 10%) ≥ 10 lần | C57: trọn đời | D57: fn_bxh_diem_mt_khoi | E57: =COUNTA(F57:AC57) | O57: ★5
A58: 5 · Thử thách — thành tựu CHÍNH (điều kiện đơn của 1★–3★, ngưỡng cao của 4★–5★)
A59: BB-1 | B59: Tổng số ngày pass Thử thách ≥ 10 ngày | C59: trọn đời | D59: lượt Thử thách | E59: =COUNTA(F59:AC59) | P59: ★1
A60: BB-2 | B60: Tổng số ngày pass Thử thách ≥ 40 ngày | C60: trọn đời | D60: lượt Thử thách | E60: =COUNTA(F60:AC60) | P60: ★2
A61: BB-3 | B61: Tổng số ngày pass Thử thách ≥ 100 ngày | C61: trọn đời | D61: lượt Thử thách | E61: =COUNTA(F61:AC61) | P61: ★3
A62: BB-4 | B62: Tổng số ngày pass Thử thách ≥ 150 ngày | C62: trọn đời | D62: lượt Thử thách | E62: =COUNTA(F62:AC62) | P62: ★4
A63: BB-5 | B63: Tổng số ngày pass Thử thách ≥ 250 ngày | C63: trọn đời | D63: lượt Thử thách | E63: =COUNTA(F63:AC63) | P63: ★5
A64: TDO-1 | B64: Số lượt Thử thách 10/10 ≥ 5 lượt | C64: trọn đời | D64: lượt Thử thách | E64: =COUNTA(F64:AC64) | Q64: ★1
A65: TDO-2 | B65: Số lượt Thử thách 10/10 ≥ 25 lượt | C65: trọn đời | D65: lượt Thử thách | E65: =COUNTA(F65:AC65) | Q65: ★2
A66: TDO-3 | B66: Số lượt Thử thách 10/10 ≥ 80 lượt | C66: trọn đời | D66: lượt Thử thách | E66: =COUNTA(F66:AC66) | Q66: ★3
A67: TDO-4 | B67: Số lượt Thử thách 10/10 ≥ 120 lượt | C67: trọn đời | D67: lượt Thử thách | E67: =COUNTA(F67:AC67) | Q67: ★4
A68: TDO-5 | B68: Số lượt Thử thách 10/10 ≥ 180 lượt | C68: trọn đời | D68: lượt Thử thách | E68: =COUNTA(F68:AC68) | Q68: ★5
A69: LTA-1 | B69: Số tháng tỉ lệ pass Thử thách tăng (hoặc giữ ≥ 90%) ≥ 1 tháng | C69: trọn đời | D69: lượt Thử thách | E69: =COUNTA(F69:AC69) | R69: ★1
A70: LTA-2 | B70: Số tháng tỉ lệ pass Thử thách tăng (hoặc giữ ≥ 90%) ≥ 3 tháng | C70: trọn đời | D70: lượt Thử thách | E70: =COUNTA(F70:AC70) | R70: ★2
A71: LTA-3 | B71: Số tháng tỉ lệ pass Thử thách tăng (hoặc giữ ≥ 90%) ≥ 6 tháng | C71: trọn đời | D71: lượt Thử thách | E71: =COUNTA(F71:AC71) | R71: ★3
A72: LTA-4 | B72: Số tháng tỉ lệ pass Thử thách tăng (hoặc giữ ≥ 90%) ≥ 8 tháng | C72: trọn đời | D72: lượt Thử thách | E72: =COUNTA(F72:AC72) | R72: ★4
A73: LTA-5 | B73: Số tháng tỉ lệ pass Thử thách tăng (hoặc giữ ≥ 90%) ≥ 10 tháng | C73: trọn đời | D73: lượt Thử thách | E73: =COUNTA(F73:AC73) | R73: ★5
A74: 6 · Chinh phục dạng — thành tựu CHÍNH (điều kiện đơn của 1★–3★, ngưỡng cao của 4★–5★)
A75: KP-1 | B75: Số dạng đã luyện ≥ 5 câu ≥ 10 dạng | C75: trọn đời | D75: bai_lam_cau × ma_dang | E75: =COUNTA(F75:AC75) | S75: ★1
A76: KP-2 | B76: Số dạng đã luyện ≥ 5 câu ≥ 30 dạng | C76: trọn đời | D76: bai_lam_cau × ma_dang | E76: =COUNTA(F76:AC76) | S76: ★2
A77: KP-3 | B77: Số dạng đã luyện ≥ 5 câu ≥ 60 dạng | C77: trọn đời | D77: bai_lam_cau × ma_dang | E77: =COUNTA(F77:AC77) | S77: ★3
A78: KP-4 | B78: Số dạng đã luyện ≥ 5 câu ≥ 90 dạng | C78: trọn đời | D78: bai_lam_cau × ma_dang | E78: =COUNTA(F78:AC78) | S78: ★4
A79: KP-5 | B79: Số dạng đã luyện ≥ 5 câu ≥ 130 dạng | C79: trọn đời | D79: bai_lam_cau × ma_dang | E79: =COUNTA(F79:AC79) | S79: ★5
A80: KD-1 | B80: Số dạng đạt ≥ 5 dạng | C80: trọn đời | D80: fn_mastery_cells | E80: =COUNTA(F80:AC80) | T80: ★1
A81: KD-2 | B81: Số dạng đạt ≥ 20 dạng | C81: trọn đời | D81: fn_mastery_cells | E81: =COUNTA(F81:AC81) | T81: ★2
A82: KD-3 | B82: Số dạng đạt ≥ 50 dạng | C82: trọn đời | D82: fn_mastery_cells | E82: =COUNTA(F82:AC82) | T82: ★3
A83: KD-4 | B83: Số dạng đạt ≥ 75 dạng | C83: trọn đời | D83: fn_mastery_cells | E83: =COUNTA(F83:AC83) | T83: ★4
A84: KD-5 | B84: Số dạng đạt ≥ 100 dạng | C84: trọn đời | D84: fn_mastery_cells | E84: =COUNTA(F84:AC84) | T84: ★5
A85: LL-1 | B85: Số dạng từ yếu → đạt ≥ 1 dạng | C85: trọn đời | D85: fn_mastery_cells | E85: =COUNTA(F85:AC85) | U85: ★1
A86: LL-2 | B86: Số dạng từ yếu → đạt ≥ 5 dạng | C86: trọn đời | D86: fn_mastery_cells | E86: =COUNTA(F86:AC86) | U86: ★2
A87: LL-3 | B87: Số dạng từ yếu → đạt ≥ 15 dạng | C87: trọn đời | D87: fn_mastery_cells | E87: =COUNTA(F87:AC87) | U87: ★3
A88: LL-4 | B88: Số dạng từ yếu → đạt ≥ 25 dạng | C88: trọn đời | D88: fn_mastery_cells | E88: =COUNTA(F88:AC88) | U88: ★4
A89: LL-5 | B89: Số dạng từ yếu → đạt ≥ 40 dạng | C89: trọn đời | D89: fn_mastery_cells | E89: =COUNTA(F89:AC89) | U89: ★5
A90: 7 · Rank — thành tựu CHÍNH (điều kiện đơn của 1★–3★, ngưỡng cao của 4★–5★)
A91: LR-1 | B91: Bậc rank cao nhất trong năm ≥ Captain | C91: trong mùa (1 năm) | D91: Điểm Rank | E91: =COUNTA(F91:AC91) | V91: ★1
A92: LR-2 | B92: Bậc rank cao nhất trong năm ≥ Hero | C92: trong mùa (1 năm) | D92: Điểm Rank | E92: =COUNTA(F92:AC92) | V92: ★2
A93: LR-3 | B93: Bậc rank cao nhất trong năm ≥ King | C93: trong mùa (1 năm) | D93: Điểm Rank | E93: =COUNTA(F93:AC93) | V93: ★3
A94: LR-4 | B94: Bậc rank cao nhất trong năm ≥ Emperor | C94: trong mùa (1 năm) | D94: Điểm Rank | E94: =COUNTA(F94:AC94) | V94: ★4
A95: LR-5 | B95: Bậc rank cao nhất trong năm ≥ God of War | C95: trong mùa (1 năm) | D95: Điểm Rank | E95: =COUNTA(F95:AC95) | V95: ★5
A96: VL-1 | B96: Số tháng tăng hạng bảng đua tháng (hoặc giữ top 10%) ≥ 1 tháng | C96: trọn đời | D96: Bảng đua tháng | E96: =COUNTA(F96:AC96) | W96: ★1
A97: VL-2 | B97: Số tháng tăng hạng bảng đua tháng (hoặc giữ top 10%) ≥ 3 tháng | C97: trọn đời | D97: Bảng đua tháng | E97: =COUNTA(F97:AC97) | W97: ★2
A98: VL-3 | B98: Số tháng tăng hạng bảng đua tháng (hoặc giữ top 10%) ≥ 6 tháng | C98: trọn đời | D98: Bảng đua tháng | E98: =COUNTA(F98:AC98) | W98: ★3
A99: VL-4 | B99: Số tháng tăng hạng bảng đua tháng (hoặc giữ top 10%) ≥ 8 tháng | C99: trọn đời | D99: Bảng đua tháng | E99: =COUNTA(F99:AC99) | W99: ★4
A100: VL-5 | B100: Số tháng tăng hạng bảng đua tháng (hoặc giữ top 10%) ≥ 10 tháng | C100: trọn đời | D100: Bảng đua tháng | E100: =COUNTA(F100:AC100) | W100: ★5
...

Sheet Huy hiệu
A1: Loại | B1: Huy hiệu | C1: Sao | D1: Điều kiện (mã thành tựu) | E1: Diễn giải | F1: Số điều kiện (đếm từ Ma trận) | G1: Bản cứng | H1: EXP thưởng
A2: 1 · Chuyên cần | B2: Không Nghỉ | C2: ★1 | D2: KN-1 | E2: Chuỗi buổi có mặt liên tục ≥ 10 buổi | F2: =COUNTIF('Ma trận'!F$5:F$141,C2) | G2: — | H2: 0
A3: 1 · Chuyên cần | B3: Không Nghỉ | C3: ★2 | D3: KN-2 | E3: Chuỗi buổi có mặt liên tục ≥ 30 buổi | F3: =COUNTIF('Ma trận'!F$5:F$141,C3) | G3: — | H3: 0
A4: 1 · Chuyên cần | B4: Không Nghỉ | C4: ★3 | D4: KN-3 | E4: Chuỗi buổi có mặt liên tục ≥ 60 buổi | F4: =COUNTIF('Ma trận'!F$5:F$141,C4) | G4: — | H4: 100
A5: 1 · Chuyên cần | B5: Không Nghỉ | C5: ★4 | D5: KN-4 + A2·1T | E5: Chuỗi buổi có mặt liên tục ≥ 90 buổi · VÀ trong 1 tháng: Nộp đủ, đúng hạn mọi BTVN | F5: =COUNTIF('Ma trận'!F$5:F$141,C5) | G5: Có (GV trao) | H5: 200
A6: 1 · Chuyên cần | B6: Không Nghỉ | C6: ★5 | D6: KN-5 + A2·3T + A6·3T | E6: Chuỗi buổi có mặt liên tục ≥ 150 buổi · VÀ 3 tháng liên tiếp: Nộp đủ, đúng hạn mọi BTVN · Pass Thử thách ≥ 15 ngày | F6: =COUNTIF('Ma trận'!F$5:F$141,C6) | G6: Có (GV trao) | H6: 300
A7: 2 · Bài về nhà | B7: Đúng Hẹn | C7: ★1 | D7: DH-1 | E7: Chuỗi bài BTVN nộp đủ, đúng hạn ≥ 10 bài | F7: =COUNTIF('Ma trận'!G$5:G$141,C7) | G7: — | H7: 0
A8: 2 · Bài về nhà | B8: Đúng Hẹn | C8: ★2 | D8: DH-2 | E8: Chuỗi bài BTVN nộp đủ, đúng hạn ≥ 30 bài | F8: =COUNTIF('Ma trận'!G$5:G$141,C8) | G8: — | H8: 0
A9: 2 · Bài về nhà | B9: Đúng Hẹn | C9: ★3 | D9: DH-3 | E9: Chuỗi bài BTVN nộp đủ, đúng hạn ≥ 60 bài | F9: =COUNTIF('Ma trận'!G$5:G$141,C9) | G9: — | H9: 100
A10: 2 · Bài về nhà | B10: Đúng Hẹn | C10: ★4 | D10: DH-4 + A1·1T | E10: Chuỗi bài BTVN nộp đủ, đúng hạn ≥ 90 bài · VÀ trong 1 tháng: Đi học đủ mọi buổi (vắng thì đã học bù) | F10: =COUNTIF('Ma trận'!G$5:G$141,C10) | G10: Có (GV trao) | H10: 200
A11: 2 · Bài về nhà | B11: Đúng Hẹn | C11: ★5 | D11: DH-5 + A1·3T + A4·3T | E11: Chuỗi bài BTVN nộp đủ, đúng hạn ≥ 150 bài · VÀ 3 tháng liên tiếp: Đi học đủ mọi buổi (vắng thì đã học bù) · Tự luyện ≥ 200 câu đúng | F11: =COUNTIF('Ma trận'!G$5:G$141,C11) | G11: Có (GV trao) | H11: 300
A12: 2 · Bài về nhà | B12: Bài Đẹp | C12: ★1 | D12: BD-1 | E12: Số bài BTVN đúng ≥ 90% ≥ 5 bài | F12: =COUNTIF('Ma trận'!H$5:H$141,C12) | G12: — | H12: 0
A13: 2 · Bài về nhà | B13: Bài Đẹp | C13: ★2 | D13: BD-2 | E13: Số bài BTVN đúng ≥ 90% ≥ 20 bài | F13: =COUNTIF('Ma trận'!H$5:H$141,C13) | G13: — | H13: 0
A14: 2 · Bài về nhà | B14: Bài Đẹp | C14: ★3 | D14: BD-3 | E14: Số bài BTVN đúng ≥ 90% ≥ 50 bài | F14: =COUNTIF('Ma trận'!H$5:H$141,C14) | G14: — | H14: 100
A15: 2 · Bài về nhà | B15: Bài Đẹp | C15: ★4 | D15: BD-4 + B1·1T | E15: Số bài BTVN đúng ≥ 90% ≥ 75 bài · VÀ trong 1 tháng: ET đúng ≥ 80% ở ≥ 3/4 số bài ET | F15: =COUNTIF('Ma trận'!H$5:H$141,C15) | G15: Có (GV trao) | H15: 200
A16: 2 · Bài về nhà | B16: Bài Đẹp | C16: ★5 | D16: BD-5 + A2·3T + B1·3T + B2·3T | E16: Số bài BTVN đúng ≥ 90% ≥ 110 bài · VÀ 3 tháng liên tiếp: Nộp đủ, đúng hạn mọi BTVN · ET đúng ≥ 80% ở ≥ 3/4 số bài ET · MT top 30% khối | F16: =COUNTIF('Ma trận'!H$5:H$141,C16) | G16: Có (GV trao) | H16: 300
A17: 2 · Bài về nhà | B17: Khá Lên | C17: ★1 | D17: KL-1 | E17: Số tháng tỉ lệ đúng BTVN tăng (hoặc giữ ≥ 90%) ≥ 1 tháng | F17: =COUNTIF('Ma trận'!I$5:I$141,C17) | G17: — | H17: 0
A18: 2 · Bài về nhà | B18: Khá Lên | C18: ★2 | D18: KL-2 | E18: Số tháng tỉ lệ đúng BTVN tăng (hoặc giữ ≥ 90%) ≥ 3 tháng | F18: =COUNTIF('Ma trận'!I$5:I$141,C18) | G18: — | H18: 0
A19: 2 · Bài về nhà | B19: Khá Lên | C19: ★3 | D19: KL-3 | E19: Số tháng tỉ lệ đúng BTVN tăng (hoặc giữ ≥ 90%) ≥ 6 tháng | F19: =COUNTIF('Ma trận'!I$5:I$141,C19) | G19: — | H19: 100
A20: 2 · Bài về nhà | B20: Khá Lên | C20: ★4 | D20: KL-4 + A2·1T | E20: Số tháng tỉ lệ đúng BTVN tăng (hoặc giữ ≥ 90%) ≥ 8 tháng · VÀ trong 1 tháng: Nộp đủ, đúng hạn mọi BTVN | F20: =COUNTIF('Ma trận'!I$5:I$141,C20) | G20: Có (GV trao) | H20: 200
A21: 2 · Bài về nhà | B21: Khá Lên | C21: ★5 | D21: KL-5 + A2·3T + C1·3T | E21: Số tháng tỉ lệ đúng BTVN tăng (hoặc giữ ≥ 90%) ≥ 10 tháng · VÀ 3 tháng liên tiếp: Nộp đủ, đúng hạn mọi BTVN · Hạng MT tăng so với tháng trước (hoặc giữ top 10%) | F21: =COUNTIF('Ma trận'!I$5:I$141,C21) | G21: Có (GV trao) | H21: 300
A22: 3 · Trên lớp | B22: Lên Tay | C22: ★1 | D22: LT-1 | E22: Số bài ET đúng ≥ 80% ≥ 3 bài | F22: =COUNTIF('Ma trận'!J$5:J$141,C22) | G22: — | H22: 0
A23: 3 · Trên lớp | B23: Lên Tay | C23: ★2 | D23: LT-2 | E23: Số bài ET đúng ≥ 80% ≥ 15 bài | F23: =COUNTIF('Ma trận'!J$5:J$141,C23) | G23: — | H23: 0
A24: 3 · Trên lớp | B24: Lên Tay | C24: ★3 | D24: LT-3 | E24: Số bài ET đúng ≥ 80% ≥ 40 bài | F24: =COUNTIF('Ma trận'!J$5:J$141,C24) | G24: — | H24: 100
A25: 3 · Trên lớp | B25: Lên Tay | C25: ★4 | D25: LT-4 + B4·1T | E25: Số bài ET đúng ≥ 80% ≥ 60 bài · VÀ trong 1 tháng: BTVN đúng trung bình ≥ 85% | F25: =COUNTIF('Ma trận'!J$5:J$141,C25) | G25: Có (GV trao) | H25: 200
A26: 3 · Trên lớp | B26: Lên Tay | C26: ★5 | D26: LT-5 + B3·3T + B5·3T | E26: Số bài ET đúng ≥ 80% ≥ 90 bài · VÀ 3 tháng liên tiếp: MT top 10% khối · BTVN đúng trung bình ≥ 90% | F26: =COUNTIF('Ma trận'!J$5:J$141,C26) | G26: Có (GV trao) | H26: 300
A27: 3 · Trên lớp | B27: Lên Bảng | C27: ★1 | D27: LB-1 | E27: Số lần vào Nhất / Nhì / Giải 3 xếp hạng buổi ≥ 3 lần | F27: =COUNTIF('Ma trận'!K$5:K$141,C27) | G27: — | H27: 0
A28: 3 · Trên lớp | B28: Lên Bảng | C28: ★2 | D28: LB-2 | E28: Số lần vào Nhất / Nhì / Giải 3 xếp hạng buổi ≥ 15 lần | F28: =COUNTIF('Ma trận'!K$5:K$141,C28) | G28: — | H28: 0
A29: 3 · Trên lớp | B29: Lên Bảng | C29: ★3 | D29: LB-3 | E29: Số lần vào Nhất / Nhì / Giải 3 xếp hạng buổi ≥ 40 lần | F29: =COUNTIF('Ma trận'!K$5:K$141,C29) | G29: — | H29: 100
A30: 3 · Trên lớp | B30: Lên Bảng | C30: ★4 | D30: LB-4 + B1·1T | E30: Số lần vào Nhất / Nhì / Giải 3 xếp hạng buổi ≥ 60 lần · VÀ trong 1 tháng: ET đúng ≥ 80% ở ≥ 3/4 số bài ET | F30: =COUNTIF('Ma trận'!K$5:K$141,C30) | G30: Có (GV trao) | H30: 200
A31: 3 · Trên lớp | B31: Lên Bảng | C31: ★5 | D31: LB-5 + A1·3T + B1·3T | E31: Số lần vào Nhất / Nhì / Giải 3 xếp hạng buổi ≥ 90 lần · VÀ 3 tháng liên tiếp: Đi học đủ mọi buổi (vắng thì đã học bù) · ET đúng ≥ 80% ở ≥ 3/4 số bài ET | F31: =COUNTIF('Ma trận'!K$5:K$141,C31) | G31: Có (GV trao) | H31: 300
A32: 3 · Trên lớp | B32: Vững Bước | C32: ★1 | D32: VB-1 | E32: Số tháng ET tốt hơn tháng trước (hoặc giữ ≥ 90%) ≥ 1 tháng | F32: =COUNTIF('Ma trận'!L$5:L$141,C32) | G32: — | H32: 0
A33: 3 · Trên lớp | B33: Vững Bước | C33: ★2 | D33: VB-2 | E33: Số tháng ET tốt hơn tháng trước (hoặc giữ ≥ 90%) ≥ 3 tháng | F33: =COUNTIF('Ma trận'!L$5:L$141,C33) | G33: — | H33: 0
A34: 3 · Trên lớp | B34: Vững Bước | C34: ★3 | D34: VB-3 | E34: Số tháng ET tốt hơn tháng trước (hoặc giữ ≥ 90%) ≥ 6 tháng | F34: =COUNTIF('Ma trận'!L$5:L$141,C34) | G34: — | H34: 100
A35: 3 · Trên lớp | B35: Vững Bước | C35: ★4 | D35: VB-4 + C2·1T | E35: Số tháng ET tốt hơn tháng trước (hoặc giữ ≥ 90%) ≥ 8 tháng · VÀ trong 1 tháng: Tỉ lệ đúng BTVN tăng ≥ 5 điểm so với tháng trước (hoặc giữ ≥ 90%) | F35: =COUNTIF('Ma trận'!L$5:L$141,C35) | G35: Có (GV trao) | H35: 200
A36: 3 · Trên lớp | B36: Vững Bước | C36: ★5 | D36: VB-5 + C1·3T + C2·3T | E36: Số tháng ET tốt hơn tháng trước (hoặc giữ ≥ 90%) ≥ 10 tháng · VÀ 3 tháng liên tiếp: Hạng MT tăng so với tháng trước (hoặc giữ top 10%) · Tỉ lệ đúng BTVN tăng ≥ 5 điểm so với tháng trước (hoặc giữ ≥ 90%) | F36: =COUNTIF('Ma trận'!L$5:L$141,C36) | G36: Có (GV trao) | H36: 300
A37: 4 · Thi (MT) | B37: Dạn Dày | C37: ★1 | D37: DD-1 | E37: Số kỳ MT đã dự (kể cả thi lại) ≥ 1 kỳ | F37: =COUNTIF('Ma trận'!M$5:M$141,C37) | G37: — | H37: 0
A38: 4 · Thi (MT) | B38: Dạn Dày | C38: ★2 | D38: DD-2 | E38: Số kỳ MT đã dự (kể cả thi lại) ≥ 4 kỳ | F38: =COUNTIF('Ma trận'!M$5:M$141,C38) | G38: — | H38: 0
A39: 4 · Thi (MT) | B39: Dạn Dày | C39: ★3 | D39: DD-3 | E39: Số kỳ MT đã dự (kể cả thi lại) ≥ 8 kỳ | F39: =COUNTIF('Ma trận'!M$5:M$141,C39) | G39: — | H39: 100
A40: 4 · Thi (MT) | B40: Dạn Dày | C40: ★4 | D40: DD-4 + A1·1T + A2·1T | E40: Số kỳ MT đã dự (kể cả thi lại) ≥ 10 kỳ · VÀ trong 1 tháng: Đi học đủ mọi buổi (vắng thì đã học bù) · Nộp đủ, đúng hạn mọi BTVN | F40: =COUNTIF('Ma trận'!M$5:M$141,C40) | G40: Có (GV trao) | H40: 200
A41: 4 · Thi (MT) | B41: Dạn Dày | C41: ★5 | D41: DD-5 + A1·3T + A2·3T + A6·3T | E41: Số kỳ MT đã dự (kể cả thi lại) ≥ 15 kỳ · VÀ 3 tháng liên tiếp: Đi học đủ mọi buổi (vắng thì đã học bù) · Nộp đủ, đúng hạn mọi BTVN · Pass Thử thách ≥ 15 ngày | F41: =COUNTIF('Ma trận'!M$5:M$141,C41) | G41: Có (GV trao) | H41: 300
A42: 4 · Thi (MT) | B42: Tốp Đầu | C42: ★1 | D42: TD-1 | E42: Số lần MT top 30% khối ≥ 1 lần | F42: =COUNTIF('Ma trận'!N$5:N$141,C42) | G42: — | H42: 0
A43: 4 · Thi (MT) | B43: Tốp Đầu | C43: ★2 | D43: TD-2 | E43: Số lần MT top 30% khối ≥ 3 lần | F43: =COUNTIF('Ma trận'!N$5:N$141,C43) | G43: — | H43: 0
A44: 4 · Thi (MT) | B44: Tốp Đầu | C44: ★3 | D44: TD-3 | E44: Số lần MT top 30% khối ≥ 6 lần | F44: =COUNTIF('Ma trận'!N$5:N$141,C44) | G44: — | H44: 100
A45: 4 · Thi (MT) | B45: Tốp Đầu | C45: ★4 | D45: TD-4 + B3·1T | E45: Số lần MT top 30% khối ≥ 8 lần · VÀ trong 1 tháng: MT top 10% khối | F45: =COUNTIF('Ma trận'!N$5:N$141,C45) | G45: Có (GV trao) | H45: 200
A46: 4 · Thi (MT) | B46: Tốp Đầu | C46: ★5 | D46: TD-5 + B1·3T + B3·3T | E46: Số lần MT top 30% khối ≥ 10 lần · VÀ 3 tháng liên tiếp: ET đúng ≥ 80% ở ≥ 3/4 số bài ET · MT top 10% khối | F46: =COUNTIF('Ma trận'!N$5:N$141,C46) | G46: Có (GV trao) | H46: 300
A47: 4 · Thi (MT) | B47: Bứt Phá | C47: ★1 | D47: BP-1 | E47: Số lần hạng MT tăng (hoặc giữ top 10%) ≥ 1 lần | F47: =COUNTIF('Ma trận'!O$5:O$141,C47) | G47: — | H47: 0
A48: 4 · Thi (MT) | B48: Bứt Phá | C48: ★2 | D48: BP-2 | E48: Số lần hạng MT tăng (hoặc giữ top 10%) ≥ 3 lần | F48: =COUNTIF('Ma trận'!O$5:O$141,C48) | G48: — | H48: 0
A49: 4 · Thi (MT) | B49: Bứt Phá | C49: ★3 | D49: BP-3 | E49: Số lần hạng MT tăng (hoặc giữ top 10%) ≥ 6 lần | F49: =COUNTIF('Ma trận'!O$5:O$141,C49) | G49: — | H49: 100
A50: 4 · Thi (MT) | B50: Bứt Phá | C50: ★4 | D50: BP-4 + C2·1T | E50: Số lần hạng MT tăng (hoặc giữ top 10%) ≥ 8 lần · VÀ trong 1 tháng: Tỉ lệ đúng BTVN tăng ≥ 5 điểm so với tháng trước (hoặc giữ ≥ 90%) | F50: =COUNTIF('Ma trận'!O$5:O$141,C50) | G50: Có (GV trao) | H50: 200
A51: 4 · Thi (MT) | B51: Bứt Phá | C51: ★5 | D51: BP-5 + C2·3T + C3·3T | E51: Số lần hạng MT tăng (hoặc giữ top 10%) ≥ 10 lần · VÀ 3 tháng liên tiếp: Tỉ lệ đúng BTVN tăng ≥ 5 điểm so với tháng trước (hoặc giữ ≥ 90%) · Lấp ≥ 1 lỗ (dạng yếu → đạt) | F51: =COUNTIF('Ma trận'!O$5:O$141,C51) | G51: Có (GV trao) | H51: 300
A52: 5 · Thử thách | B52: Bền Bỉ | C52: ★1 | D52: BB-1 | E52: Tổng số ngày pass Thử thách ≥ 10 ngày | F52: =COUNTIF('Ma trận'!P$5:P$141,C52) | G52: — | H52: 0
A53: 5 · Thử thách | B53: Bền Bỉ | C53: ★2 | D53: BB-2 | E53: Tổng số ngày pass Thử thách ≥ 40 ngày | F53: =COUNTIF('Ma trận'!P$5:P$141,C53) | G53: — | H53: 0
A54: 5 · Thử thách | B54: Bền Bỉ | C54: ★3 | D54: BB-3 | E54: Tổng số ngày pass Thử thách ≥ 100 ngày | F54: =COUNTIF('Ma trận'!P$5:P$141,C54) | G54: — | H54: 100
A55: 5 · Thử thách | B55: Bền Bỉ | C55: ★4 | D55: BB-4 + A2·1T | E55: Tổng số ngày pass Thử thách ≥ 150 ngày · VÀ trong 1 tháng: Nộp đủ, đúng hạn mọi BTVN | F55: =COUNTIF('Ma trận'!P$5:P$141,C55) | G55: Có (GV trao) | H55: 200
A56: 5 · Thử thách | B56: Bền Bỉ | C56: ★5 | D56: BB-5 + A1·3T + A2·3T + A4·3T | E56: Tổng số ngày pass Thử thách ≥ 250 ngày · VÀ 3 tháng liên tiếp: Đi học đủ mọi buổi (vắng thì đã học bù) · Nộp đủ, đúng hạn mọi BTVN · Tự luyện ≥ 200 câu đúng | F56: =COUNTIF('Ma trận'!P$5:P$141,C56) | G56: Có (GV trao) | H56: 300
A57: 5 · Thử thách | B57: Tuyệt Đối | C57: ★1 | D57: TDO-1 | E57: Số lượt Thử thách 10/10 ≥ 5 lượt | F57: =COUNTIF('Ma trận'!Q$5:Q$141,C57) | G57: — | H57: 0
A58: 5 · Thử thách | B58: Tuyệt Đối | C58: ★2 | D58: TDO-2 | E58: Số lượt Thử thách 10/10 ≥ 25 lượt | F58: =COUNTIF('Ma trận'!Q$5:Q$141,C58) | G58: — | H58: 0
A59: 5 · Thử thách | B59: Tuyệt Đối | C59: ★3 | D59: TDO-3 | E59: Số lượt Thử thách 10/10 ≥ 80 lượt | F59: =COUNTIF('Ma trận'!Q$5:Q$141,C59) | G59: — | H59: 100
A60: 5 · Thử thách | B60: Tuyệt Đối | C60: ★4 | D60: TDO-4 + B1·1T | E60: Số lượt Thử thách 10/10 ≥ 120 lượt · VÀ trong 1 tháng: ET đúng ≥ 80% ở ≥ 3/4 số bài ET | F60: =COUNTIF('Ma trận'!Q$5:Q$141,C60) | G60: Có (GV trao) | H60: 200
A61: 5 · Thử thách | B61: Tuyệt Đối | C61: ★5 | D61: TDO-5 + B1·3T + B5·3T | E61: Số lượt Thử thách 10/10 ≥ 180 lượt · VÀ 3 tháng liên tiếp: ET đúng ≥ 80% ở ≥ 3/4 số bài ET · BTVN đúng trung bình ≥ 90% | F61: =COUNTIF('Ma trận'!Q$5:Q$141,C61) | G61: Có (GV trao) | H61: 300
A62: 5 · Thử thách | B62: Lên Tầm | C62: ★1 | D62: LTA-1 | E62: Số tháng tỉ lệ pass Thử thách tăng (hoặc giữ ≥ 90%) ≥ 1 tháng | F62: =COUNTIF('Ma trận'!R$5:R$141,C62) | G62: — | H62: 0
A63: 5 · Thử thách | B63: Lên Tầm | C63: ★2 | D63: LTA-2 | E63: Số tháng tỉ lệ pass Thử thách tăng (hoặc giữ ≥ 90%) ≥ 3 tháng | F63: =COUNTIF('Ma trận'!R$5:R$141,C63) | G63: — | H63: 0
A64: 5 · Thử thách | B64: Lên Tầm | C64: ★3 | D64: LTA-3 | E64: Số tháng tỉ lệ pass Thử thách tăng (hoặc giữ ≥ 90%) ≥ 6 tháng | F64: =COUNTIF('Ma trận'!R$5:R$141,C64) | G64: — | H64: 100
A65: 5 · Thử thách | B65: Lên Tầm | C65: ★4 | D65: LTA-4 + A5·1T | E65: Số tháng tỉ lệ pass Thử thách tăng (hoặc giữ ≥ 90%) ≥ 8 tháng · VÀ trong 1 tháng: Pass Thử thách ≥ 10 ngày | F65: =COUNTIF('Ma trận'!R$5:R$141,C65) | G65: Có (GV trao) | H65: 200
A66: 5 · Thử thách | B66: Lên Tầm | C66: ★5 | D66: LTA-5 + A6·3T + C3·3T | E66: Số tháng tỉ lệ pass Thử thách tăng (hoặc giữ ≥ 90%) ≥ 10 tháng · VÀ 3 tháng liên tiếp: Pass Thử thách ≥ 15 ngày · Lấp ≥ 1 lỗ (dạng yếu → đạt) | F66: =COUNTIF('Ma trận'!R$5:R$141,C66) | G66: Có (GV trao) | H66: 300
A67: 6 · Chinh phục dạng | B67: Khai Phá | C67: ★1 | D67: KP-1 | E67: Số dạng đã luyện ≥ 5 câu ≥ 10 dạng | F67: =COUNTIF('Ma trận'!S$5:S$141,C67) | G67: — | H67: 0
A68: 6 · Chinh phục dạng | B68: Khai Phá | C68: ★2 | D68: KP-2 | E68: Số dạng đã luyện ≥ 5 câu ≥ 30 dạng | F68: =COUNTIF('Ma trận'!S$5:S$141,C68) | G68: — | H68: 0
A69: 6 · Chinh phục dạng | B69: Khai Phá | C69: ★3 | D69: KP-3 | E69: Số dạng đã luyện ≥ 5 câu ≥ 60 dạng | F69: =COUNTIF('Ma trận'!S$5:S$141,C69) | G69: — | H69: 100
A70: 6 · Chinh phục dạng | B70: Khai Phá | C70: ★4 | D70: KP-4 + A3·1T | E70: Số dạng đã luyện ≥ 5 câu ≥ 90 dạng · VÀ trong 1 tháng: Tự luyện ≥ 100 câu đúng | F70: =COUNTIF('Ma trận'!S$5:S$141,C70) | G70: Có (GV trao) | H70: 200
A71: 6 · Chinh phục dạng | B71: Khai Phá | C71: ★5 | D71: KP-5 + A4·3T + A6·3T | E71: Số dạng đã luyện ≥ 5 câu ≥ 130 dạng · VÀ 3 tháng liên tiếp: Tự luyện ≥ 200 câu đúng · Pass Thử thách ≥ 15 ngày | F71: =COUNTIF('Ma trận'!S$5:S$141,C71) | G71: Có (GV trao) | H71: 300
A72: 6 · Chinh phục dạng | B72: Kho Dạng | C72: ★1 | D72: KD-1 | E72: Số dạng đạt ≥ 5 dạng | F72: =COUNTIF('Ma trận'!T$5:T$141,C72) | G72: — | H72: 0
A73: 6 · Chinh phục dạng | B73: Kho Dạng | C73: ★2 | D73: KD-2 | E73: Số dạng đạt ≥ 20 dạng | F73: =COUNTIF('Ma trận'!T$5:T$141,C73) | G73: — | H73: 0
A74: 6 · Chinh phục dạng | B74: Kho Dạng | C74: ★3 | D74: KD-3 | E74: Số dạng đạt ≥ 50 dạng | F74: =COUNTIF('Ma trận'!T$5:T$141,C74) | G74: — | H74: 100
A75: 6 · Chinh phục dạng | B75: Kho Dạng | C75: ★4 | D75: KD-4 + B6·1T | E75: Số dạng đạt ≥ 75 dạng · VÀ trong 1 tháng: ≥ 5 lượt Thử thách 10/10 | F75: =COUNTIF('Ma trận'!T$5:T$141,C75) | G75: Có (GV trao) | H75: 200
A76: 6 · Chinh phục dạng | B76: Kho Dạng | C76: ★5 | D76: KD-5 + B2·3T + B6·3T | E76: Số dạng đạt ≥ 100 dạng · VÀ 3 tháng liên tiếp: MT top 30% khối · ≥ 5 lượt Thử thách 10/10 | F76: =COUNTIF('Ma trận'!T$5:T$141,C76) | G76: Có (GV trao) | H76: 300
A77: 6 · Chinh phục dạng | B77: Lấp Lỗ | C77: ★1 | D77: LL-1 | E77: Số dạng từ yếu → đạt ≥ 1 dạng | F77: =COUNTIF('Ma trận'!U$5:U$141,C77) | G77: — | H77: 0
A78: 6 · Chinh phục dạng | B78: Lấp Lỗ | C78: ★2 | D78: LL-2 | E78: Số dạng từ yếu → đạt ≥ 5 dạng | F78: =COUNTIF('Ma trận'!U$5:U$141,C78) | G78: — | H78: 0
A79: 6 · Chinh phục dạng | B79: Lấp Lỗ | C79: ★3 | D79: LL-3 | E79: Số dạng từ yếu → đạt ≥ 15 dạng | F79: =COUNTIF('Ma trận'!U$5:U$141,C79) | G79: — | H79: 100
A80: 6 · Chinh phục dạng | B80: Lấp Lỗ | C80: ★4 | D80: LL-4 + A2·1T | E80: Số dạng từ yếu → đạt ≥ 25 dạng · VÀ trong 1 tháng: Nộp đủ, đúng hạn mọi BTVN | F80: =COUNTIF('Ma trận'!U$5:U$141,C80) | G80: Có (GV trao) | H80: 200
A81: 6 · Chinh phục dạng | B81: Lấp Lỗ | C81: ★5 | D81: LL-5 + A2·3T + A6·3T | E81: Số dạng từ yếu → đạt ≥ 40 dạng · VÀ 3 tháng liên tiếp: Nộp đủ, đúng hạn mọi BTVN · Pass Thử thách ≥ 15 ngày | F81: =COUNTIF('Ma trận'!U$5:U$141,C81) | G81: Có (GV trao) | H81: 300
A82: 7 · Rank | B82: Leo Rank | C82: ★1 | D82: LR-1 | E82: Bậc rank cao nhất trong năm ≥ Captain | F82: =COUNTIF('Ma trận'!V$5:V$141,C82) | G82: — | H82: 0
A83: 7 · Rank | B83: Leo Rank | C83: ★2 | D83: LR-2 | E83: Bậc rank cao nhất trong năm ≥ Hero | F83: =COUNTIF('Ma trận'!V$5:V$141,C83) | G83: — | H83: 0
A84: 7 · Rank | B84: Leo Rank | C84: ★3 | D84: LR-3 | E84: Bậc rank cao nhất trong năm ≥ King | F84: =COUNTIF('Ma trận'!V$5:V$141,C84) | G84: — | H84: 100
A85: 7 · Rank | B85: Leo Rank | C85: ★4 | D85: LR-4 | E85: Bậc rank cao nhất trong năm ≥ Emperor | F85: =COUNTIF('Ma trận'!V$5:V$141,C85) | G85: Có (GV trao) | H85: 200
A86: 7 · Rank | B86: Leo Rank | C86: ★5 | D86: LR-5 | E86: Bậc rank cao nhất trong năm ≥ God of War | F86: =COUNTIF('Ma trận'!V$5:V$141,C86) | G86: Có (GV trao) | H86: 300
A87: 7 · Rank | B87: Vượt Lên | C87: ★1 | D87: VL-1 | E87: Số tháng tăng hạng bảng đua tháng (hoặc giữ top 10%) ≥ 1 tháng | F87: =COUNTIF('Ma trận'!W$5:W$141,C87) | G87: — | H87: 0
A88: 7 · Rank | B88: Vượt Lên | C88: ★2 | D88: VL-2 | E88: Số tháng tăng hạng bảng đua tháng (hoặc giữ top 10%) ≥ 3 tháng | F88: =COUNTIF('Ma trận'!W$5:W$141,C88) | G88: — | H88: 0
A89: 7 · Rank | B89: Vượt Lên | C89: ★3 | D89: VL-3 | E89: Số tháng tăng hạng bảng đua tháng (hoặc giữ top 10%) ≥ 6 tháng | F89: =COUNTIF('Ma trận'!W$5:W$141,C89) | G89: — | H89: 100
A90: 7 · Rank | B90: Vượt Lên | C90: ★4 | D90: VL-4 + C1·1T | E90: Số tháng tăng hạng bảng đua tháng (hoặc giữ top 10%) ≥ 8 tháng · VÀ trong 1 tháng: Hạng MT tăng so với tháng trước (hoặc giữ top 10%) | F90: =COUNTIF('Ma trận'!W$5:W$141,C90) | G90: Có (GV trao) | H90: 200
A91: 7 · Rank | B91: Vượt Lên | C91: ★5 | D91: VL-5 + C1·3T + C3·3T | E91: Số tháng tăng hạng bảng đua tháng (hoặc giữ top 10%) ≥ 10 tháng · VÀ 3 tháng liên tiếp: Hạng MT tăng so với tháng trước (hoặc giữ top 10%) · Lấp ≥ 1 lỗ (dạng yếu → đạt) | F91: =COUNTIF('Ma trận'!W$5:W$141,C91) | G91: Có (GV trao) | H91: 300
A92: 8 · Nhiệm vụ | B92: Về Đích | C92: ★1 | D92: VD-1 | E92: Số tháng xong chặng nhiệm vụ 30 cấp ≥ 1 tháng | F92: =COUNTIF('Ma trận'!X$5:X$141,C92) | G92: — | H92: 0
A93: 8 · Nhiệm vụ | B93: Về Đích | C93: ★2 | D93: VD-2 | E93: Số tháng xong chặng nhiệm vụ 30 cấp ≥ 3 tháng | F93: =COUNTIF('Ma trận'!X$5:X$141,C93) | G93: — | H93: 0
A94: 8 · Nhiệm vụ | B94: Về Đích | C94: ★3 | D94: VD-3 | E94: Số tháng xong chặng nhiệm vụ 30 cấp ≥ 6 tháng | F94: =COUNTIF('Ma trận'!X$5:X$141,C94) | G94: — | H94: 100
A95: 8 · Nhiệm vụ | B95: Về Đích | C95: ★4 | D95: VD-4 + A1·1T | E95: Số tháng xong chặng nhiệm vụ 30 cấp ≥ 9 tháng · VÀ trong 1 tháng: Đi học đủ mọi buổi (vắng thì đã học bù) | F95: =COUNTIF('Ma trận'!X$5:X$141,C95) | G95: Có (GV trao) | H95: 200
A96: 8 · Nhiệm vụ | B96: Về Đích | C96: ★5 | D96: VD-5 + A1·3T + A2·3T | E96: Số tháng xong chặng nhiệm vụ 30 cấp ≥ 12 tháng · VÀ 3 tháng liên tiếp: Đi học đủ mọi buổi (vắng thì đã học bù) · Nộp đủ, đúng hạn mọi BTVN | F96: =COUNTIF('Ma trận'!X$5:X$141,C96) | G96: Có (GV trao) | H96: 300
A97: 9 · Tập thể lớp | B97: Lớp Vô Địch | C97: ★1 | D97: LVD-1 | E97: Số tháng lớp thắng đua lớp (cả lớp cùng nhận) ≥ 1 tháng | F97: =COUNTIF('Ma trận'!Y$5:Y$141,C97) | G97: — | H97: 0
A98: 9 · Tập thể lớp | B98: Lớp Vô Địch | C98: ★2 | D98: LVD-2 | E98: Số tháng lớp thắng đua lớp (cả lớp cùng nhận) ≥ 3 tháng | F98: =COUNTIF('Ma trận'!Y$5:Y$141,C98) | G98: — | H98: 0
A99: 9 · Tập thể lớp | B99: Lớp Vô Địch | C99: ★3 | D99: LVD-3 | E99: Số tháng lớp thắng đua lớp (cả lớp cùng nhận) ≥ 6 tháng | F99: =COUNTIF('Ma trận'!Y$5:Y$141,C99) | G99: — | H99: 100
A100: 9 · Tập thể lớp | B100: Lớp Vô Địch | C100: ★4 | D100: LVD-4 | E100: Số tháng lớp thắng đua lớp (cả lớp cùng nhận) ≥ 9 tháng | F100: =COUNTIF('Ma trận'!Y$5:Y$141,C100) | G100: Có (GV trao) | H100: 200
...

Sheet Ghi chú
A1: MA TRẬN THÀNH TỰU × HUY HIỆU — môn TOÁN · nháp 3 · CTO 28/09/2026
A3: Cách đọc
A4: • Hàng = THÀNH TỰU: 1 điều kiện đo được trên dữ liệu thật (chỉ số + ngưỡng + kỳ xét).
A5: • Cột = HUY HIỆU (10 loại, 24 huy hiệu). Ô ghi SAO nào của huy hiệu dùng thành tựu đó.
A6: • Một cấp sao đạt khi đạt TẤT CẢ thành tựu mang nhãn sao đó trong cột. Liên kết N–N: 1 thành tựu nuôi nhiều huy hiệu (cột E), 1 huy hiệu dùng nhiều thành tựu.
A7: • ★1–★3 = điều kiện đơn (bản mềm). ★4–★5 = nhiều điều kiện (bản mềm + bản cứng GV trao) — ô nền vàng chữ đỏ.
A9: Cách sửa
A10: • Đổi điều kiện của 1 cấp: gõ / xoá nhãn ★n trong ô của cột huy hiệu đó (sheet Huy hiệu tự đếm lại cột 'Số điều kiện').
A11: • Đổi ngưỡng: sửa chữ ở cột B của thành tựu tương ứng.
A12: • Ví dụ: muốn Không Nghỉ ★5 thêm điều kiện 'MT top 30%' ⇒ gõ ★5 vào ô hàng B2·3T (nếu chưa có hàng thì thêm hàng) × cột Không Nghỉ.
A14: Giả định chưa chốt
A15: • H7: ★4 = trong tháng vượt ngưỡng chính phải đạt đủ thành tựu phụ '·1T'. ★5 = các thành tựu phụ '·3T' đạt CÙNG 1 cửa sổ 3 tháng liên tiếp.
... A21: Nguồn: spec-thanh-tuu-nhiem-vu.md (A5) · de-xuat-huy-hieu.md · số đo DB chỉ đọc 28/09/2026.
